019mr8mf4r,Login,2018-04-23T00:30:12.984Z
019mr8mf4r,Login,2018-04-23T07:30:12.984Z
019mr8mf4r,Login,2018-04-23T06:30:12.984Z
019mr8mf4r,Login,2018-04-23T05:30:12.984Z
019mr8mf4r,Login,2018-04-23T04:30:12.984Z
019mr8mf4r,Login,2018-04-21T05:30:12.984Z
019mr8mf4r,Login,2018-04-23T00:30:12.984Z
019mr8mf4r,Login,2018-04-22T01:30:12.984Z
019mr8mf4r,Login,2018-04-22T00:30:12.984Z
019mr8mf4r,Login,2018-04-21T00:30:12.984Z
019mr8mf4r,Login,2018-04-21T02:30:12.984Z
019mr8mf4r,Login,2018-04-21T01:30:12.984Z
019mr8mf4r,Main Page,2018-04-23T00:30:12.984Z
019mr8mf4r,Main Page,2018-04-23T02:30:12.984Z
019mr8mf4r,Main Page,2018-04-23T03:30:12.984Z
019mr8mf4r,Main Page,2018-04-22T00:30:12.984Z
019mr8mf4r,Main Page,2018-04-22T02:30:12.984Z
019mr8mf4r,Main Page,2018-04-22T01:30:12.984Z
019mr8mf4r,Main Page,2018-04-21T02:30:12.984Z
019mr8mf4r,Main Page,2018-04-21T01:30:12.984Z
019mr8mf4r,Main Page,2017-04-21T01:30:12.984Z
019mr8mf4r,Main Page,2017-04-23T01:30:12.984Z
019mr8mf4r,Main Page,2017-04-22T01:30:12.984Z
